{"_runtime": 43154.94225607, "train/batch_loss": 0.24377402663230896, "_timestamp": 1775266348.371497, "_step": 14107, "epoch": 23, "train/epoch_loss": 0.06564630527090452, "val/loss": 3.6949354186840107, "val/accuracy": 47.14012155524103, "val/f1_macro": 0.17250721744963127}